-- phpMyAdmin SQL Dump
-- version 5.1.0
-- https://www.phpmyadmin.net/
--
-- Host: 127.0.0.1
-- Tempo de geração: 26-Maio-2021 às 16:07
-- Versão do servidor: 10.4.18-MariaDB
-- versão do PHP: 8.0.3

SET SQL_MODE = "NO_AUTO_VALUE_ON_ZERO";
START TRANSACTION;
SET time_zone = "+00:00";


/*!40101 SET @OLD_CHARACTER_SET_CLIENT=@@CHARACTER_SET_CLIENT */;
/*!40101 SET @OLD_CHARACTER_SET_RESULTS=@@CHARACTER_SET_RESULTS */;
/*!40101 SET @OLD_COLLATION_CONNECTION=@@COLLATION_CONNECTION */;
/*!40101 SET NAMES utf8mb4 */;

--
-- Banco de dados: `sistao`
--

-- --------------------------------------------------------

--
-- Estrutura da tabela `applications`
--

CREATE TABLE `applications` (
  `id` int(11) NOT NULL,
  `name` varchar(150) NOT NULL,
  `permissions_id` int(11) NOT NULL
) ENGINE=InnoDB DEFAULT CHARSET=utf8;

--
-- Extraindo dados da tabela `applications`
--

INSERT INTO `applications` (`id`, `name`, `permissions_id`) VALUES
(1, 'sped', 1),
(2, 'SISBOL', 2);

-- --------------------------------------------------------

--
-- Estrutura da tabela `cities`
--

CREATE TABLE `cities` (
  `id` int(11) NOT NULL,
  `name` varchar(100) NOT NULL,
  `state` varchar(100) NOT NULL,
  `updated_at` timestamp NULL DEFAULT NULL,
  `created_at` timestamp NULL DEFAULT NULL
) ENGINE=InnoDB DEFAULT CHARSET=utf8;

--
-- Extraindo dados da tabela `cities`
--

INSERT INTO `cities` (`id`, `name`, `state`, `updated_at`, `created_at`) VALUES
(1, 'Canoas', 'RS', NULL, NULL),
(2, 'Montenegro', 'RS', NULL, NULL),
(4, 'Aceguá', 'RS', '2021-05-25 01:45:39', NULL),
(5, 'Água Santa', 'RS', '2021-05-25 01:45:39', NULL),
(6, 'Agudo', 'RS', '2021-05-25 01:45:39', NULL),
(7, 'Ajuricaba', 'RS', '2021-05-25 01:45:39', NULL),
(8, 'Alecrim', 'RS', '2021-05-25 01:45:39', NULL),
(9, 'Alegrete', 'RS', '2021-05-25 01:45:39', NULL),
(10, 'Alegria', 'RS', '2021-05-25 01:45:39', NULL),
(11, 'Almirante Tamandaré do Sul', 'RS', '2021-05-25 01:45:39', NULL),
(12, 'Alpestre', 'RS', '2021-05-25 01:45:39', NULL),
(13, 'Alto Alegre', 'RS', '2021-05-25 01:45:39', NULL),
(14, 'Alto Feliz', 'RS', '2021-05-25 01:45:39', NULL),
(15, 'Alvorada', 'RS', '2021-05-25 01:45:39', NULL),
(16, 'Amaral Ferrador', 'RS', '2021-05-25 01:45:39', NULL),
(17, 'Ametista do Sul', 'RS', '2021-05-25 01:45:39', NULL),
(18, 'André da Rocha', 'RS', '2021-05-25 01:45:39', NULL),
(19, 'Anta Gorda', 'RS', '2021-05-25 01:45:39', NULL),
(20, 'Antônio Prado', 'RS', '2021-05-25 01:45:39', NULL),
(21, 'Arambaré', 'RS', '2021-05-25 01:45:39', NULL),
(22, 'Araricá', 'RS', '2021-05-25 01:45:39', NULL),
(23, 'Aratiba', 'RS', '2021-05-25 01:45:39', NULL),
(24, 'Arroio do Meio', 'RS', '2021-05-25 01:45:39', NULL),
(25, 'Arroio do Padre', 'RS', '2021-05-25 01:45:39', NULL),
(26, 'Arroio do Sal', 'RS', '2021-05-25 01:45:39', NULL),
(27, 'Arroio do Tigre', 'RS', '2021-05-25 01:45:39', NULL),
(28, 'Arroio dos Ratos', 'RS', '2021-05-25 01:45:39', NULL),
(29, 'Arroio Grande', 'RS', '2021-05-25 01:45:39', NULL),
(30, 'Arvorezinha', 'RS', '2021-05-25 01:45:39', NULL),
(31, 'Augusto Pestana', 'RS', '2021-05-25 01:45:39', NULL),
(32, 'Áurea', 'RS', '2021-05-25 01:45:39', NULL),
(33, 'Bagé', 'RS', '2021-05-25 01:45:39', NULL),
(34, 'Balneário Pinhal', 'RS', '2021-05-25 01:45:39', NULL),
(35, 'Barão', 'RS', '2021-05-25 01:45:39', NULL),
(36, 'Barão de Cotegipe', 'RS', '2021-05-25 01:45:39', NULL),
(37, 'Barão do Triunfo', 'RS', '2021-05-25 01:45:39', NULL),
(38, 'Barra do Guarita', 'RS', '2021-05-25 01:45:39', NULL),
(39, 'Barra do Quaraí', 'RS', '2021-05-25 01:45:39', NULL),
(40, 'Barra do Ribeiro', 'RS', '2021-05-25 01:45:39', NULL),
(41, 'Barra do Rio Azul', 'RS', '2021-05-25 01:45:39', NULL),
(42, 'Barra Funda', 'RS', '2021-05-25 01:45:39', NULL),
(43, 'Barracão Barros Cassal', 'RS', '2021-05-25 01:45:39', NULL),
(44, 'Benjamin Constant do Sul', 'RS', '2021-05-25 01:45:39', NULL),
(45, 'Bento Gonçalves', 'RS', '2021-05-25 01:45:39', NULL),
(46, 'Boa Vista das Missões', 'RS', '2021-05-25 01:45:39', NULL),
(47, 'Boa Vista do Buricá', 'RS', '2021-05-25 01:45:39', NULL),
(48, 'Boa Vista do Cadeado', 'RS', '2021-05-25 01:45:39', NULL),
(49, 'Boa Vista do Incra', 'RS', '2021-05-25 01:45:39', NULL),
(50, 'Boa Vista do Sul', 'RS', '2021-05-25 01:45:39', NULL),
(51, 'Bom Jesus', 'RS', '2021-05-25 01:45:39', NULL),
(52, 'Bom Princípio', 'RS', '2021-05-25 01:45:39', NULL),
(53, 'Bom Progresso', 'RS', '2021-05-25 01:45:39', NULL),
(54, 'Bom Retiro do Sul', 'RS', '2021-05-25 01:45:39', NULL),
(55, 'Boqueirão do Leão', 'RS', '2021-05-25 01:45:39', NULL),
(56, 'Bossoroca', 'RS', '2021-05-25 01:45:39', NULL),
(57, 'Bozano', 'RS', '2021-05-25 01:45:39', NULL),
(58, 'Braga', 'RS', '2021-05-25 01:45:39', NULL),
(59, 'Brochier', 'RS', '2021-05-25 01:45:39', NULL),
(60, 'Butiá\r\n', 'RS', '2021-05-25 01:45:39', NULL),
(61, 'Caçapava do Sul', 'RS', '2021-05-25 01:45:39', NULL),
(62, 'Cacequi', 'RS', '2021-05-25 01:45:39', NULL),
(63, 'Cachoeira do Sul', 'RS', '2021-05-25 01:45:39', NULL),
(64, 'Cachoeirinha', 'RS', '2021-05-25 01:45:39', NULL),
(65, 'Cacique Doble', 'RS', '2021-05-25 01:45:39', NULL),
(66, 'Caibaté', 'RS', '2021-05-25 01:45:39', NULL),
(67, 'Caiçara', 'RS', '2021-05-25 01:45:39', NULL),
(68, 'Camaquã', 'RS', '2021-05-25 01:45:39', NULL),
(69, 'Camargo', 'RS', '2021-05-25 01:45:39', NULL),
(70, 'Cambará do Sul', 'RS', '2021-05-25 01:45:39', NULL),
(71, 'Campestre da Serra', 'RS', '2021-05-25 01:45:39', NULL),
(72, 'Campina das Missões', 'RS', '2021-05-25 01:45:39', NULL),
(73, 'Campinas do Sul', 'RS', '2021-05-25 01:45:39', NULL),
(74, 'Campo Bom', 'RS', '2021-05-25 01:45:39', NULL),
(75, 'Campo Novo', 'RS', '2021-05-25 01:45:39', NULL),
(76, 'Campos Borges', 'RS', '2021-05-25 01:45:39', NULL),
(77, 'Candelária', 'RS', '2021-05-25 01:45:39', NULL),
(78, 'Cândido Godói', 'RS', '2021-05-25 01:45:39', NULL),
(79, 'Candiota', 'RS', '2021-05-25 01:45:39', NULL),
(80, 'Canela', 'RS', '2021-05-25 01:45:39', NULL),
(81, 'Canguçu', 'RS', '2021-05-25 01:45:39', NULL),
(82, 'Canoas', 'RS', '2021-05-25 01:45:39', NULL),
(83, 'Canudos do Vale', 'RS', '2021-05-25 01:45:39', NULL),
(84, 'Capão Bonito do Sul', 'RS', '2021-05-25 01:45:39', NULL),
(85, 'Capão da Canoa', 'RS', '2021-05-25 01:45:39', NULL),
(86, 'Capão do Cipó', 'RS', '2021-05-25 01:45:39', NULL),
(87, 'Capão do Leão', 'RS', '2021-05-25 01:45:39', NULL),
(88, 'Capela de Santana', 'RS', '2021-05-25 01:45:39', NULL),
(89, 'Capitão', 'RS', '2021-05-25 01:45:39', NULL),
(90, 'Capivari do Sul', 'RS', '2021-05-25 01:45:39', NULL),
(91, 'Caraá', 'RS', '2021-05-25 01:45:39', NULL),
(92, 'Carazinho', 'RS', '2021-05-25 01:45:40', NULL),
(93, 'Carlos Barbosa', 'RS', '2021-05-25 01:45:40', NULL),
(94, 'Carlos Gomes', 'RS', '2021-05-25 01:45:40', NULL),
(95, 'Casca', 'RS', '2021-05-25 01:45:40', NULL),
(96, 'Caseiros', 'RS', '2021-05-25 01:45:40', NULL),
(97, 'Catuípe', 'RS', '2021-05-25 01:45:40', NULL),
(98, 'Caxias do Sul', 'RS', '2021-05-25 01:45:40', NULL),
(99, 'Centenário', 'RS', '2021-05-25 01:45:40', NULL),
(100, 'Cerrito', 'RS', '2021-05-25 01:45:40', NULL),
(101, 'Cerro Branco', 'RS', '2021-05-25 01:45:40', NULL),
(102, 'Cerro Grande', 'RS', '2021-05-25 01:45:40', NULL),
(103, 'Cerro Grande do Sul', 'RS', '2021-05-25 01:45:40', NULL),
(104, 'Cerro Largo', 'RS', '2021-05-25 01:45:40', NULL),
(105, 'Chapada', 'RS', '2021-05-25 01:45:40', NULL),
(106, 'Charqueadas', 'RS', '2021-05-25 01:45:40', NULL),
(107, 'Charrua', 'RS', '2021-05-25 01:45:40', NULL),
(108, 'Chiapetta', 'RS', '2021-05-25 01:45:40', NULL),
(109, 'Chuí', 'RS', '2021-05-25 01:45:40', NULL),
(110, 'Chuvisca', 'RS', '2021-05-25 01:45:40', NULL),
(111, 'Cidreira', 'RS', '2021-05-25 01:45:40', NULL),
(112, 'Ciríaco', 'RS', '2021-05-25 01:45:40', NULL),
(113, 'Colinas', 'RS', '2021-05-25 01:45:40', NULL),
(114, 'Colorado', 'RS', '2021-05-25 01:45:40', NULL),
(115, 'Condor', 'RS', '2021-05-25 01:45:40', NULL),
(116, 'Constantina', 'RS', '2021-05-25 01:45:40', NULL),
(117, 'Coqueiro Baixo', 'RS', '2021-05-25 01:45:40', NULL),
(118, 'Coqueiros do Sul', 'RS', '2021-05-25 01:45:40', NULL),
(119, 'Coronel Barros', 'RS', '2021-05-25 01:45:40', NULL),
(120, 'Coronel Bicaco', 'RS', '2021-05-25 01:45:40', NULL),
(121, 'Coronel Pilar', 'RS', '2021-05-25 01:45:40', NULL),
(122, 'Cotiporã', 'RS', '2021-05-25 01:45:40', NULL),
(123, 'Coxilha', 'RS', '2021-05-25 01:45:40', NULL),
(124, 'Crissiumal', 'RS', '2021-05-25 01:45:40', NULL),
(125, 'Cristal', 'RS', '2021-05-25 01:45:40', NULL),
(126, 'Cristal do Sul', 'RS', '2021-05-25 01:45:40', NULL),
(127, 'Cruz Alta', 'RS', '2021-05-25 01:45:40', NULL),
(128, 'Cruzaltense', 'RS', '2021-05-25 01:45:40', NULL),
(129, 'Cruzeiro do Sul', 'RS', '2021-05-25 01:45:40', NULL),
(130, 'David Canabarro', 'RS', '2021-05-25 01:45:40', NULL),
(131, 'Derrubadas', 'RS', '2021-05-25 01:45:40', NULL),
(132, 'Dezesseis de Novembro', 'RS', '2021-05-25 01:45:40', NULL),
(133, 'Dilermando de Aguiar', 'RS', '2021-05-25 01:45:40', NULL),
(134, 'Dois Irmãos', 'RS', '2021-05-25 01:45:40', NULL),
(135, 'Dois Irmãos das Missões', 'RS', '2021-05-25 01:45:40', NULL),
(136, 'Dois Lajeados', 'RS', '2021-05-25 01:45:40', NULL),
(137, 'Dom Feliciano', 'RS', '2021-05-25 01:45:40', NULL),
(138, 'Dom Pedrito', 'RS', '2021-05-25 01:45:40', NULL),
(139, 'Dom Pedro de Alcântara', 'RS', '2021-05-25 01:45:40', NULL),
(140, 'Dona Francisca', 'RS', '2021-05-25 01:45:40', NULL),
(141, 'Doutor Maurício Cardoso', 'RS', '2021-05-25 01:45:40', NULL),
(142, 'Doutor Ricardo', 'RS', '2021-05-25 01:45:40', NULL),
(143, ' Eldorado do Sul', 'RS', '2021-05-25 01:45:40', NULL),
(144, 'Encantado', 'RS', '2021-05-25 01:45:40', NULL),
(145, 'Encruzilhada do Sul', 'RS', '2021-05-25 01:45:40', NULL),
(146, 'Engenho Velho', 'RS', '2021-05-25 01:45:40', NULL),
(147, 'Entre-Ijuís', 'RS', '2021-05-25 01:45:40', NULL),
(148, 'Entre Rios do Sul', 'RS', '2021-05-25 01:45:40', NULL),
(149, 'Erebango', 'RS', '2021-05-25 01:45:40', NULL),
(150, 'Erechim', 'RS', '2021-05-25 01:45:40', NULL),
(151, 'Ernestina', 'RS', '2021-05-25 01:45:40', NULL),
(152, 'Erval Grande', 'RS', '2021-05-25 01:45:40', NULL),
(153, 'Erval Seco', 'RS', '2021-05-25 01:45:40', NULL),
(154, 'Esmeralda', 'RS', '2021-05-25 01:45:40', NULL),
(155, 'Esperança do Sul', 'RS', '2021-05-25 01:45:40', NULL),
(156, 'Espumoso', 'RS', '2021-05-25 01:45:40', NULL),
(157, 'Estação', 'RS', '2021-05-25 01:45:40', NULL),
(158, 'Estância Velha', 'RS', '2021-05-25 01:45:40', NULL),
(159, 'Esteio', 'RS', '2021-05-25 01:45:40', NULL),
(160, 'Estrela', 'RS', '2021-05-25 01:45:40', NULL),
(161, 'Estrela Velha', 'RS', '2021-05-25 01:45:40', NULL),
(162, 'Eugênio de Castro', 'RS', '2021-05-25 01:45:40', NULL),
(163, 'Fagundes Varela', 'RS', '2021-05-25 01:45:40', NULL),
(164, 'Farroupilha', 'RS', '2021-05-25 01:45:40', NULL),
(165, 'Faxinal do Soturno', 'RS', '2021-05-25 01:45:40', NULL),
(166, 'Faxinalzinho', 'RS', '2021-05-25 01:45:40', NULL),
(167, 'Fazenda Vilanova', 'RS', '2021-05-25 01:45:40', NULL),
(168, 'Feliz', 'RS', '2021-05-25 01:45:40', NULL),
(169, 'Flores da Cunha', 'RS', '2021-05-25 01:45:40', NULL),
(170, 'Floriano Peixoto', 'RS', '2021-05-25 01:45:40', NULL),
(171, 'Fontoura Xavier', 'RS', '2021-05-25 01:45:40', NULL),
(172, 'Formigueiro', 'RS', '2021-05-25 01:45:40', NULL),
(173, 'Forquetinha', 'RS', '2021-05-25 01:45:40', NULL),
(174, 'Fortaleza dos Valos', 'RS', '2021-05-25 01:45:40', NULL),
(175, 'Frederico Westphalen', 'RS', '2021-05-25 01:45:40', NULL),
(176, 'Garibaldi', 'RS', '2021-05-25 01:45:40', NULL),
(177, 'Garruchos', 'RS', '2021-05-25 01:45:40', NULL),
(178, 'Gaurama', 'RS', '2021-05-25 01:45:40', NULL),
(179, 'General Câmara', 'RS', '2021-05-25 01:45:40', NULL),
(180, 'Gentil', 'RS', '2021-05-25 01:45:40', NULL),
(181, 'Getúlio Vargas', 'RS', '2021-05-25 01:45:40', NULL),
(182, 'Giruá', 'RS', '2021-05-25 01:45:40', NULL),
(183, 'Glorinha', 'RS', '2021-05-25 01:45:40', NULL),
(184, 'Gramado', 'RS', '2021-05-25 01:45:40', NULL),
(185, 'Gramado dos Loureiros', 'RS', '2021-05-25 01:45:40', NULL),
(186, 'Gramado Xavier', 'RS', '2021-05-25 01:45:40', NULL),
(187, 'Gravataí', 'RS', '2021-05-25 01:45:40', NULL),
(188, 'Guabiju', 'RS', '2021-05-25 01:45:40', NULL),
(189, 'Guaíba', 'RS', '2021-05-25 01:45:40', NULL),
(190, 'Guaporé', 'RS', '2021-05-25 01:45:40', NULL),
(191, 'Guarani das Missões', 'RS', '2021-05-25 01:45:40', NULL),
(192, 'Harmonia', 'RS', '2021-05-25 01:45:40', NULL),
(193, 'Herveiras', 'RS', '2021-05-25 01:45:40', NULL);

-- --------------------------------------------------------

--
-- Estrutura da tabela `company`
--

CREATE TABLE `company` (
  `id` int(11) NOT NULL,
  `name` varchar(45) NOT NULL
) ENGINE=InnoDB DEFAULT CHARSET=utf8;

--
-- Extraindo dados da tabela `company`
--

INSERT INTO `company` (`id`, `name`) VALUES
(1, '3º Cia'),
(2, 'CCSv');

-- --------------------------------------------------------

--
-- Estrutura da tabela `departament`
--

CREATE TABLE `departament` (
  `id` int(11) NOT NULL,
  `name` varchar(45) NOT NULL
) ENGINE=InnoDB DEFAULT CHARSET=utf8;

--
-- Extraindo dados da tabela `departament`
--

INSERT INTO `departament` (`id`, `name`) VALUES
(1, 'Pel Com'),
(2, 'Com Soc');

-- --------------------------------------------------------

--
-- Estrutura da tabela `login`
--

CREATE TABLE `login` (
  `id` int(11) NOT NULL,
  `login` varchar(100) NOT NULL,
  `password` varchar(255) NOT NULL,
  `created_at` timestamp NOT NULL DEFAULT current_timestamp() ON UPDATE current_timestamp(),
  `updated_at` timestamp NOT NULL DEFAULT '0000-00-00 00:00:00',
  `deleted_at` timestamp NULL DEFAULT NULL,
  `status` tinyint(4) NOT NULL,
  `users_id` int(11) NOT NULL
) ENGINE=InnoDB DEFAULT CHARSET=utf8;

--
-- Extraindo dados da tabela `login`
--

INSERT INTO `login` (`id`, `login`, `password`, `created_at`, `updated_at`, `deleted_at`, `status`, `users_id`) VALUES
(1, 'eduardo', '12345678', '2021-05-23 03:00:49', '2021-04-08 18:34:20', NULL, 1, 1),
(2, 'lulu_luardo', 'lulu', '2021-04-08 18:34:20', '2021-04-08 18:34:20', NULL, 1, 2);

-- --------------------------------------------------------

--
-- Estrutura da tabela `login_application`
--

CREATE TABLE `login_application` (
  `applications_id` int(11) NOT NULL,
  `login_id` int(11) NOT NULL
) ENGINE=InnoDB DEFAULT CHARSET=utf8;

--
-- Extraindo dados da tabela `login_application`
--

INSERT INTO `login_application` (`applications_id`, `login_id`) VALUES
(1, 1),
(1, 2),
(2, 1),
(2, 2);

-- --------------------------------------------------------

--
-- Estrutura da tabela `migrations`
--

CREATE TABLE `migrations` (
  `id` int(10) UNSIGNED NOT NULL,
  `migration` varchar(255) COLLATE utf8mb4_unicode_ci NOT NULL,
  `batch` int(11) NOT NULL
) ENGINE=InnoDB DEFAULT CHARSET=utf8mb4 COLLATE=utf8mb4_unicode_ci;

--
-- Extraindo dados da tabela `migrations`
--

INSERT INTO `migrations` (`id`, `migration`, `batch`) VALUES
(1, '2021_05_01_185548_create_sessions_table', 1);

-- --------------------------------------------------------

--
-- Estrutura da tabela `permissions`
--

CREATE TABLE `permissions` (
  `id` int(11) NOT NULL,
  `read` tinyint(4) DEFAULT NULL,
  `write` tinyint(4) DEFAULT NULL,
  `edit` tinyint(4) DEFAULT NULL,
  `update` tinyint(4) DEFAULT NULL,
  `login_id` int(11) NOT NULL,
  `login_users_id` int(11) NOT NULL
) ENGINE=InnoDB DEFAULT CHARSET=utf8;

--
-- Extraindo dados da tabela `permissions`
--

INSERT INTO `permissions` (`id`, `read`, `write`, `edit`, `update`, `login_id`, `login_users_id`) VALUES
(1, 1, 1, 1, 1, 1, 1),
(2, 0, 1, 1, 0, 2, 2);

-- --------------------------------------------------------

--
-- Estrutura da tabela `ranks`
--

CREATE TABLE `ranks` (
  `id` int(11) NOT NULL,
  `rank` varchar(45) NOT NULL DEFAULT 'POSTO OU GRADUAÇÃO POR EXTENSO',
  `rankAbbreviation` varchar(45) NOT NULL DEFAULT 'ABREVIAÇÃO DO POSTO OU GRADUAÇÃO',
  `rank_groups_id` int(11) NOT NULL
) ENGINE=InnoDB DEFAULT CHARSET=utf8;

--
-- Extraindo dados da tabela `ranks`
--

INSERT INTO `ranks` (`id`, `rank`, `rankAbbreviation`, `rank_groups_id`) VALUES
(1, '3º Sargento', '3º Sgt', 2),
(2, 'Cabo', 'Cb', 1);

-- --------------------------------------------------------

--
-- Estrutura da tabela `rank_groups`
--

CREATE TABLE `rank_groups` (
  `id` int(11) NOT NULL,
  `name` varchar(255) NOT NULL
) ENGINE=InnoDB DEFAULT CHARSET=utf8;

--
-- Extraindo dados da tabela `rank_groups`
--

INSERT INTO `rank_groups` (`id`, `name`) VALUES
(1, 'Oficial'),
(2, 'Praça');

-- --------------------------------------------------------

--
-- Estrutura da tabela `sessions`
--

CREATE TABLE `sessions` (
  `id` varchar(255) COLLATE utf8mb4_unicode_ci NOT NULL,
  `user_id` bigint(20) UNSIGNED DEFAULT NULL,
  `ip_address` varchar(45) COLLATE utf8mb4_unicode_ci DEFAULT NULL,
  `user_agent` text COLLATE utf8mb4_unicode_ci DEFAULT NULL,
  `payload` text COLLATE utf8mb4_unicode_ci NOT NULL,
  `last_activity` int(11) NOT NULL
) ENGINE=InnoDB DEFAULT CHARSET=utf8mb4 COLLATE=utf8mb4_unicode_ci;

--
-- Extraindo dados da tabela `sessions`
--

INSERT INTO `sessions` (`id`, `user_id`, `ip_address`, `user_agent`, `payload`, `last_activity`) VALUES
('hYWL7rxhg03ots4wrAwiUf1tGAJEmwrAdWjOCbuk', NULL, '::1', 'Mozilla/5.0 (Windows NT 10.0; Win64; x64) AppleWebKit/537.36 (KHTML, like Gecko) Chrome/90.0.4430.93 Safari/537.36', 'YTozOntzOjY6Il90b2tlbiI7czo0MDoicTRrNDlySTJHS0lGOGszdHdNSHBwME5xc3N3S1Q3SGdOMmlpdXdtSiI7czo5OiJfcHJldmlvdXMiO2E6MTp7czozOiJ1cmwiO3M6NDI6Imh0dHA6Ly9sb2NhbGhvc3QvcGFycHMvcHVibGljL2VkaXRfcHJvZmlsZSI7fXM6NjoiX2ZsYXNoIjthOjI6e3M6Mzoib2xkIjthOjA6e31zOjM6Im5ldyI7YTowOnt9fX0=', 1620350259);

-- --------------------------------------------------------

--
-- Estrutura stand-in para vista `subview`
-- (Veja abaixo para a view atual)
--
CREATE TABLE `subview` (
`login_id` int(11)
,`login` varchar(100)
,`password` varchar(255)
,`login_user_id` int(11)
,`status` tinyint(4)
,`login_app_id` int(11)
);

-- --------------------------------------------------------

--
-- Estrutura stand-in para vista `ultraview`
-- (Veja abaixo para a view atual)
--
CREATE TABLE `ultraview` (
`login_id` int(11)
,`login` varchar(100)
,`password` varchar(255)
,`login_user_id` int(11)
,`status` tinyint(4)
,`login_app_id` int(11)
,`app_id` int(11)
,`app_name` varchar(150)
,`app_permission_fk` int(11)
);

-- --------------------------------------------------------

--
-- Estrutura da tabela `users`
--

CREATE TABLE `users` (
  `id` int(11) NOT NULL,
  `name` varchar(255) NOT NULL DEFAULT 'NOME COMPLETO',
  `professionalName` varchar(45) NOT NULL DEFAULT 'NOME DE GUERRA',
  `email` varchar(200) DEFAULT NULL,
  `phone1` bigint(13) DEFAULT NULL,
  `phone2` bigint(13) DEFAULT NULL,
  `born_at` date DEFAULT NULL,
  `motherName` varchar(255) NOT NULL,
  `fatherName` varchar(255) DEFAULT NULL,
  `militaryId` varchar(12) NOT NULL,
  `cpf` varchar(12) NOT NULL,
  `photoUrl` varchar(255) DEFAULT 'LINK PARA STORAGE',
  `street` varchar(255) NOT NULL,
  `house_number` bigint(6) DEFAULT NULL,
  `district` varchar(100) NOT NULL DEFAULT 'BAIRRO',
  `city_id` int(11) DEFAULT NULL,
  `cep` int(9) DEFAULT NULL,
  `created_at` timestamp NOT NULL DEFAULT current_timestamp() ON UPDATE current_timestamp(),
  `updated_at` timestamp NULL DEFAULT NULL,
  `departament_id` int(11) NOT NULL,
  `rank_id` int(11) NOT NULL,
  `rank_group_id` int(11) DEFAULT NULL,
  `company_id` int(11) NOT NULL
) ENGINE=InnoDB DEFAULT CHARSET=utf8;

--
-- Extraindo dados da tabela `users`
--

INSERT INTO `users` (`id`, `name`, `professionalName`, `email`, `phone1`, `phone2`, `born_at`, `motherName`, `fatherName`, `militaryId`, `cpf`, `photoUrl`, `street`, `house_number`, `district`, `city_id`, `cep`, `created_at`, `updated_at`, `departament_id`, `rank_id`, `rank_group_id`, `company_id`) VALUES
(1, 'Eduardo Martins', 'Eduardo', 'edu@gmail', 51980204595, 51980423365, '2021-05-19', 'Raquel', 'Ricardo', '159', '87792877555', 'img/avatar5.png', 'av caju', 52, 'caju', 2, 92480000, '2021-05-24 22:28:41', '2021-04-08 18:27:29', 1, 2, 1, 2),
(2, 'LULU', 'LULU', NULL, NULL, NULL, NULL, 'LULA', 'LULE', 'LULU', 'LULU', 'LINK PARA STORAGE', 'LULU', 85, 'BAIRRO', 1, NULL, '2021-05-24 22:28:45', '2021-04-08 18:27:29', 2, 2, 2, 1);

-- --------------------------------------------------------

--
-- Estrutura para vista `subview`
--
DROP TABLE IF EXISTS `subview`;

CREATE ALGORITHM=UNDEFINED DEFINER=`root`@`localhost` SQL SECURITY DEFINER VIEW `subview`  AS SELECT `login`.`id` AS `login_id`, `login`.`login` AS `login`, `login`.`password` AS `password`, `login`.`users_id` AS `login_user_id`, `login`.`status` AS `status`, `login_application`.`applications_id` AS `login_app_id` FROM (`login` left join `login_application` on(`login_application`.`login_id` = `login`.`id`)) ;

-- --------------------------------------------------------

--
-- Estrutura para vista `ultraview`
--
DROP TABLE IF EXISTS `ultraview`;

CREATE ALGORITHM=UNDEFINED DEFINER=`root`@`localhost` SQL SECURITY DEFINER VIEW `ultraview`  AS SELECT `subview`.`login_id` AS `login_id`, `subview`.`login` AS `login`, `subview`.`password` AS `password`, `subview`.`login_user_id` AS `login_user_id`, `subview`.`status` AS `status`, `subview`.`login_app_id` AS `login_app_id`, `applications`.`id` AS `app_id`, `applications`.`name` AS `app_name`, `applications`.`permissions_id` AS `app_permission_fk` FROM (`subview` left join `applications` on(`applications`.`id` = `subview`.`login_app_id`)) ;

--
-- Índices para tabelas despejadas
--

--
-- Índices para tabela `applications`
--
ALTER TABLE `applications`
  ADD PRIMARY KEY (`id`),
  ADD KEY `fk_applications_permissions1_idx` (`permissions_id`);

--
-- Índices para tabela `cities`
--
ALTER TABLE `cities`
  ADD PRIMARY KEY (`id`);

--
-- Índices para tabela `company`
--
ALTER TABLE `company`
  ADD PRIMARY KEY (`id`);

--
-- Índices para tabela `departament`
--
ALTER TABLE `departament`
  ADD PRIMARY KEY (`id`);

--
-- Índices para tabela `login`
--
ALTER TABLE `login`
  ADD PRIMARY KEY (`id`),
  ADD KEY `fk_login_users1_idx` (`users_id`);

--
-- Índices para tabela `login_application`
--
ALTER TABLE `login_application`
  ADD PRIMARY KEY (`applications_id`,`login_id`),
  ADD KEY `fk_login_application_login1_idx` (`login_id`);

--
-- Índices para tabela `migrations`
--
ALTER TABLE `migrations`
  ADD PRIMARY KEY (`id`);

--
-- Índices para tabela `permissions`
--
ALTER TABLE `permissions`
  ADD PRIMARY KEY (`id`),
  ADD KEY `fk_permissions_login1_idx` (`login_id`,`login_users_id`);

--
-- Índices para tabela `ranks`
--
ALTER TABLE `ranks`
  ADD PRIMARY KEY (`id`),
  ADD KEY `fk_ranks_rank_groups1_idx` (`rank_groups_id`);

--
-- Índices para tabela `rank_groups`
--
ALTER TABLE `rank_groups`
  ADD PRIMARY KEY (`id`);

--
-- Índices para tabela `sessions`
--
ALTER TABLE `sessions`
  ADD PRIMARY KEY (`id`),
  ADD KEY `sessions_user_id_index` (`user_id`),
  ADD KEY `sessions_last_activity_index` (`last_activity`);

--
-- Índices para tabela `users`
--
ALTER TABLE `users`
  ADD PRIMARY KEY (`id`),
  ADD KEY `fk_users_city_idx` (`city_id`),
  ADD KEY `fk_users_departament1_idx` (`departament_id`),
  ADD KEY `fk_users_rank_groups1_idx` (`rank_id`),
  ADD KEY `fk_users_company1_idx` (`company_id`);

--
-- AUTO_INCREMENT de tabelas despejadas
--

--
-- AUTO_INCREMENT de tabela `applications`
--
ALTER TABLE `applications`
  MODIFY `id` int(11) NOT NULL AUTO_INCREMENT, AUTO_INCREMENT=3;

--
-- AUTO_INCREMENT de tabela `cities`
--
ALTER TABLE `cities`
  MODIFY `id` int(11) NOT NULL AUTO_INCREMENT, AUTO_INCREMENT=194;

--
-- AUTO_INCREMENT de tabela `company`
--
ALTER TABLE `company`
  MODIFY `id` int(11) NOT NULL AUTO_INCREMENT, AUTO_INCREMENT=3;

--
-- AUTO_INCREMENT de tabela `departament`
--
ALTER TABLE `departament`
  MODIFY `id` int(11) NOT NULL AUTO_INCREMENT, AUTO_INCREMENT=3;

--
-- AUTO_INCREMENT de tabela `login`
--
ALTER TABLE `login`
  MODIFY `id` int(11) NOT NULL AUTO_INCREMENT, AUTO_INCREMENT=3;

--
-- AUTO_INCREMENT de tabela `migrations`
--
ALTER TABLE `migrations`
  MODIFY `id` int(10) UNSIGNED NOT NULL AUTO_INCREMENT, AUTO_INCREMENT=2;

--
-- AUTO_INCREMENT de tabela `permissions`
--
ALTER TABLE `permissions`
  MODIFY `id` int(11) NOT NULL AUTO_INCREMENT, AUTO_INCREMENT=3;

--
-- AUTO_INCREMENT de tabela `ranks`
--
ALTER TABLE `ranks`
  MODIFY `id` int(11) NOT NULL AUTO_INCREMENT, AUTO_INCREMENT=3;

--
-- AUTO_INCREMENT de tabela `rank_groups`
--
ALTER TABLE `rank_groups`
  MODIFY `id` int(11) NOT NULL AUTO_INCREMENT, AUTO_INCREMENT=3;

--
-- AUTO_INCREMENT de tabela `users`
--
ALTER TABLE `users`
  MODIFY `id` int(11) NOT NULL AUTO_INCREMENT, AUTO_INCREMENT=3;

--
-- Restrições para despejos de tabelas
--

--
-- Limitadores para a tabela `applications`
--
ALTER TABLE `applications`
  ADD CONSTRAINT `fk_applications_permissions1` FOREIGN KEY (`permissions_id`) REFERENCES `permissions` (`id`);

--
-- Limitadores para a tabela `login`
--
ALTER TABLE `login`
  ADD CONSTRAINT `fk_login_users1` FOREIGN KEY (`users_id`) REFERENCES `users` (`id`);

--
-- Limitadores para a tabela `login_application`
--
ALTER TABLE `login_application`
  ADD CONSTRAINT `fk_login_application_applications1` FOREIGN KEY (`applications_id`) REFERENCES `applications` (`id`),
  ADD CONSTRAINT `fk_login_application_login1` FOREIGN KEY (`login_id`) REFERENCES `login` (`id`);

--
-- Limitadores para a tabela `permissions`
--
ALTER TABLE `permissions`
  ADD CONSTRAINT `fk_permissions_login1` FOREIGN KEY (`login_id`) REFERENCES `login` (`id`);

--
-- Limitadores para a tabela `ranks`
--
ALTER TABLE `ranks`
  ADD CONSTRAINT `fk_ranks_rank_groups1` FOREIGN KEY (`rank_groups_id`) REFERENCES `rank_groups` (`id`);

--
-- Limitadores para a tabela `users`
--
ALTER TABLE `users`
  ADD CONSTRAINT `fk_users_city` FOREIGN KEY (`city_id`) REFERENCES `cities` (`id`),
  ADD CONSTRAINT `fk_users_company1` FOREIGN KEY (`company_id`) REFERENCES `company` (`id`),
  ADD CONSTRAINT `fk_users_departament1` FOREIGN KEY (`departament_id`) REFERENCES `departament` (`id`),
  ADD CONSTRAINT `fk_users_rank_groups1` FOREIGN KEY (`rank_id`) REFERENCES `rank_groups` (`id`);
COMMIT;

/*!40101 SET CHARACTER_SET_CLIENT=@OLD_CHARACTER_SET_CLIENT */;
/*!40101 SET CHARACTER_SET_RESULTS=@OLD_CHARACTER_SET_RESULTS */;
/*!40101 SET COLLATION_CONNECTION=@OLD_COLLATION_CONNECTION */;
